Date,Close,High,Low,Open,Volume
2024-01-11,10.189035415649414,10.241242623030868,10.067219151629628,10.22383994396858,48692000
2024-01-12,9.971508026123047,10.241243773245195,9.928002153386506,10.136829346755297,55030100
2024-01-16,9.971508026123047,10.006312558351178,9.727876300526123,9.83228989721052,45207700
2024-01-17,9.806185722351074,9.840990251089805,9.666966777590732,9.719173985601538,52671300
2024-01-18,9.562554359436035,9.84099145316226,9.536451167144849,9.788784238774367,71667200
2024-01-19,9.745277404785156,9.7626800844681,9.423335298899655,9.519047547739527,61143300
2024-01-22,9.745277404785156,9.919300052587394,9.693071025347205,9.771380594504132,45479600
2024-01-23,9.893195152282715,9.971505537704802,9.780080243318066,9.88449381394575,45465200
2024-01-24,9.597357749938965,9.96280571773405,9.57125456075515,9.954104378070971,59064600
2024-01-25,9.867093086242676,9.884494935085097,9.597357375839337,9.64956458197738,49356700
2024-01-26,9.910599708557129,10.006311959000211,9.832289308283038,9.919300218738897,35837000
2024-01-29,10.049817085266113,10.058518424609282,9.83228858051925,9.901897635653816,58249600
2024-01-30,10.249942779541016,10.328253173011895,10.110724671061842,10.241242270115103,70213300
2024-01-31,10.197736740112305,10.432667098468187,10.197736740112305,10.232541268380043,74558900
2024-02-01,10.528380393981934,10.563184922978344,10.110725216219585,10.284747861201636,81065800
2024-02-02,10.56318473815918,10.606689776289434,10.38916126641651,10.467471662739628,73130900
2024-02-05,10.084622383117676,10.51097808583416,10.041116512884157,10.450070365390507,81026800
2024-02-06,10.502276420593262,10.528380439808261,10.110725260228005,10.12812793970467,98636800
2024-02-07,11.137458801269531,11.294078749060931,10.615390095817315,11.076550260090062,137224000
2024-02-08,11.16356372833252,11.224471449203984,10.91123067497229,11.198368258802708,68653900
2024-02-09,11.03304672241211,11.24187390099144,10.998242192648886,11.14616165159394,47649600
2024-02-12,11.294078826904297,11.372389216242409,10.998240776901358,11.033045302184371,54036500
2024-02-13,11.03304672241211,11.224471221207107,10.859023243790555,11.11135712183072,67907700
2024-02-14,10.928632736206055,11.12875856762486,10.893828207706896,11.067850850202687,52978800
2024-02-15,11.187774658203125,11.214582185360989,11.000120263706238,11.035863917315362,57811800
2024-02-16,10.99118423461914,11.178838630778342,10.955440580693384,11.098415196396408,43228600
2024-02-20,10.946504592895508,11.017991901653028,10.812466102024143,10.892888685229398,44591000
2024-02-21,10.848210334777832,11.009056361959825,10.767786895088841,10.910761520226608,41835800
2024-02-22,10.830337524414062,10.937568487761219,10.767786342177208,10.839273651075311,36980500
2024-02-23,10.848210334777832,10.955441303631156,10.803530551373283,10.81246667849339,32152100
2024-02-26,10.678426742553711,10.964376829340484,10.678426742553711,10.839273613109025,40241300
2024-02-27,10.723105430603027,10.875016159045572,10.687361779922185,10.740977682041375,36508800
2024-02-28,10.99118423461914,11.080542943335566,10.687362750152248,10.69629887668267,51447900
2024-02-29,11.11628532409668,11.143093700617541,11.00905437460073,11.053734149939668,43098500
2024-03-01,11.125223159790039,11.295006161738137,11.009056066929752,11.196710470443143,48761400
2024-03-04,11.38436508178711,11.643506800684444,11.23245433082702,11.23245433082702,81871700
2024-03-05,11.241389274597168,11.384363883463923,11.16990197016379,11.303940452927401,47896200
2024-03-06,11.062671661376953,11.232453806300203,11.017991880440537,11.187774877559727,48834500
2024-03-07,11.089478492736816,11.143094396933085,10.955440010539972,11.089478492736816,38971000
2024-03-08,10.883954048156738,11.187775554266256,10.848210391684795,11.107352114155384,54723800
2024-03-11,10.82140064239502,10.937567724294704,10.794593116478442,10.839272894469994,35135400
2024-03-12,10.82140064239502,10.866080420386574,10.74991333848689,10.848209020507483,31245200
2024-03-13,11.05373477935791,11.152029608943979,10.821400616122608,10.8303367421384,50595300
2024-03-14,10.794593811035156,11.053735517425062,10.73204262913978,11.026927989783607,52619900
2024-03-15,10.77672290802002,10.96437731457397,10.740979252114313,10.767786780994598,88254000
2024-03-18,10.883954048156738,10.892889323127731,10.705234913601029,10.848210391684795,36599200
2024-03-19,10.99118423461914,11.035864015075319,10.821401239324851,10.821401239324851,32668700
2024-03-20,11.527339935302734,11.545212189746241,10.955441428246473,10.955441428246473,67721500
2024-03-21,11.545210838317871,11.67031404819043,11.429043754621045,11.545210838317871,55822500
2024-03-22,11.536274909973145,11.580954689422104,11.482659856391122,11.50053125685316,33137500
2024-03-25,11.527339935302734,11.670315414262797,11.38436530853867,11.545212189746241,39063500
2024-03-26,11.11628532409668,11.58095362410829,11.10735005078556,11.58095362410829,67140200
2024-03-27,11.67031478881836,11.67925006336525,11.18777502325228,11.196710297799171,53555800
2024-03-28,11.866905212402344,11.884777467015187,11.661379397530677,11.679250799947514,61846400
2024-04-01,11.875840187072754,11.956263620632864,11.741801699269853,11.911583840633256,35898300
2024-04-02,11.866905212402344,11.947328653768128,11.697123054560358,11.759674241313299,42653400
2024-04-03,12.19753360748291,12.224341987983475,11.822224802434578,11.840097056101623,57498900
2024-04-04,11.804353713989258,12.465611777677745,11.768610057903285,12.420931994521283,67812400
2024-04-05,11.866905212402344,11.974136183491389,11.697123054560358,11.857969937291926,46937400
2024-04-08,11.983071327209473,12.099238416069772,11.929456272163756,11.929456272163756,29900500
2024-04-09,12.099238395690918,12.143918176284384,11.920520125512988,12.036687214177626,35497900
2024-04-10,11.67031478881836,11.875840590728009,11.572019099039004,11.849033062695435,51395000
2024-04-11,11.65244197845459,11.741801537220548,11.536274892937206,11.714993158273215,38383100
2024-04-12,11.268197059631348,11.545211009822827,11.169902226825808,11.545211009822827,52356300
2024-04-15,10.928631782531738,11.455851296890899,10.88395285598271,11.384363991777375,59484400
2024-04-16,10.803529739379883,10.946504353771676,10.669490399240635,10.8482095194263,56392200
2024-04-17,10.758849143981934,10.94650352419889,10.740977744635291,10.848208697302717,43646600
2024-04-18,10.77672290802002,10.875017748711716,10.70523474401263,10.794594309874883,39902100
2024-04-19,10.848210334777832,10.928632922270836,10.740979365924508,10.740979365924508,39623800
2024-04-22,11.509468078613281,11.527339480155154,10.94650486881092,11.000120777828462,86462700
2024-04-23,11.563081741333008,11.661377420648167,11.455850788422175,11.661377420648167,62807100
2024-04-24,11.572017669677734,11.661377221676666,11.420106942597057,11.563081544038672,74510400
2024-04-25,11.65244197845459,11.77754519028775,11.286069321466794,11.482659839434358,86944100
2024-04-26,11.429044723510742,11.634571381996482,11.268197847495463,11.402237194906851,57257800
2024-04-29,11.39330005645752,11.473723487325033,11.214581794638542,11.44691596110116,50285600
2024-04-30,10.857145309448242,11.259262496772667,10.839273907898248,11.259262496772667,75890500
2024-05-01,10.901824951171875,11.107351605622831,10.85714516957854,10.866081296336398,48749400
2024-05-02,11.160965919494629,11.214581824279982,11.044798835956277,11.080542488414546,46868600
2024-05-03,11.107351303100586,11.402236660510697,11.071607649238631,11.295005698924832,47463300
2024-05-06,11.169901847839355,11.277132803315109,11.134158196014106,11.205645499664607,29780300
2024-05-07,11.007102966308594,11.260347491537171,10.934747387671857,11.215125039252577,48102900
2024-05-08,10.989014625549316,11.079459538226956,10.87143744663364,10.925703704202936,38177200
2024-05-09,10.970924377441406,11.05232461311201,10.907613466384925,10.979969039748466,29103800
2024-05-10,10.8443021774292,11.00710265604619,10.771946600831983,10.98901333062363,51447800
2024-05-13,11.151814460754395,11.260347831990979,10.898569927869032,10.898569927869032,60962300
2024-05-14,11.251301765441895,11.432191557488098,11.178946193641995,11.251301765441895,39980400
2024-05-15,11.1337251663208,11.359836555167275,11.016147140615056,11.296524779758645,50739900
2024-05-16,11.197035789489746,11.28747982516044,11.088502429157026,11.097547091488039,41502200
2024-05-17,11.106592178344727,11.19703708704298,11.079459050753881,11.18799242366384,24011300
2024-05-20,10.989014625549316,11.151815123350424,10.979970824318842,11.09754886578113,27019100
2024-05-21,10.989014625549316,11.034237081888136,10.880481247864115,10.998059289326402,32851000
2024-05-22,10.88047981262207,10.925702262995607,10.826213562211027,10.907613800374092,35403000
2024-05-23,10.952835083007812,11.052324643566681,10.862391047327401,10.943791283222303,43590100
2024-05-24,10.998058319091797,11.09754788676968,10.88952495098127,10.998058319091797,40840400
2024-05-28,10.563925743103027,10.970926123692134,10.545836415609614,10.95283679619872,57460100
2024-05-29,10.455390930175781,10.536790305079547,10.401123817693446,10.464434730134094,45759500
2024-05-30,10.645325660705566,10.65436946162444,10.383035595486835,10.473480505048231,42218900
2024-05-31,10.970924377441406,10.989012839509055,10.54583473702074,10.645324297305466,57205800
2024-06-03,11.025191307067871,11.14276933668145,10.871436351084832,11.07945842171511,53784100
2024-06-04,10.88047981262207,10.970924713369142,10.81716889962702,10.925702262995607,41533100
2024-06-05,10.916657447814941,10.961879897556344,10.690546061654423,10.898568985446273,45509800
2024-06-06,10.916657447814941,10.943791435187675,10.817168748421048,10.835257210789718,28289900
2024-06-07,10.989014625549316,10.998059289326402,10.808125662740649,10.853348119079469,31934000
2024-06-10,11.197035789489746,11.323658474484487,10.943791282046735,10.970924406493296,68322800
2024-06-11,10.952835083007812,11.17894646602855,10.898568834108861,11.14276867924709,48201800
2024-06-12,10.925702095031738,11.1879912681102,10.88047964535342,11.106591031198525,57116200
2024-06-13,10.799079895019531,10.934747250167295,10.717680516986702,10.925702587314806,41422300
2024-06-14,10.591056823730469,10.699590180063275,10.446345681953392,10.672457056616684,49382100
2024-06-17,10.717679977416992,10.753857764459093,10.545834842057149,10.545834842057149,31970100
2024-06-18,10.65436840057373,10.799079551423157,10.645324600555515,10.681502388267871,29023400
2024-06-20,10.799079895019531,10.826213883577,10.536790710123016,10.591057824691427,53468000
2024-06-21,10.708634376525879,10.771945282664431,10.636278808782844,10.762900621059952,50178700
2024-06-24,11.061368942260742,11.079458267740605,10.780991297694987,10.790035960434919,58436900
2024-06-25,10.934746742248535,11.043280103797459,10.880479630200831,11.007102316614484,38818900
2024-06-26,10.952835083007812,10.97092440767178,10.808123935881977,10.862391047327401,41426600
2024-06-27,11.061368942260742,11.197036295720169,10.89856932567455,10.92570245134783,48080200
2024-06-28,11.341748237609863,11.414103819464906,11.08850370111722,11.08850370111722,65914700
2024-07-01,11.540725708007812,11.640214410430694,11.33270277788259,11.35983676608143,56152700
2024-07-02,11.640213966369629,11.712569540379898,11.504547480736996,11.604036179364495,46990400
2024-07-03,11.640213966369629,11.721614202767801,11.576903054747264,11.658303291145437,26894300
2024-07-05,11.613080978393555,11.721614340685976,11.531680741037615,11.640214103330036,31589300
2024-07-08,11.739702224731445,11.938680477070784,11.685435977532093,11.730658425229185,44346200
2024-07-09,11.667348861694336,11.821104695437693,11.649260396719795,11.721615981711185,40680900
2024-07-10,11.911548614501953,11.947726403980344,11.67639255161914,11.712570341097532,36305500
2024-07-11,12.182881355285645,12.246192265459648,11.983903100036185,11.983903100036185,51443400
2024-07-12,12.689371109008789,12.852171587667574,12.237148323886842,12.237148323886842,85609700
2024-07-15,12.870260238647461,13.051150045377158,12.770771534983346,12.852171775502406,65643300
2024-07-16,13.014972686767578,13.087328266832657,12.83408287405833,12.90643931666996,52040100
2024-07-17,13.0963716506958,13.232039005910714,12.91548270628911,12.924527369146077,58087100
2024-07-18,13.159682273864746,13.431016097948374,13.069237378321386,13.123504488156692,58077000
2024-07-19,12.644147872924805,13.114459954272748,12.626059411167208,13.105415292120721,75908600
2024-07-22,12.770771026611328,12.825038138979306,12.472304064953674,12.68032698939335,59116800
2024-07-23,12.508481979370117,12.725548705953297,12.273325927631756,12.716504905922205,85897700
2024-07-24,12.363770484924316,12.553704081046023,12.291414911406187,12.418036733789677,81768700
2024-07-25,10.093612670898438,10.83525778048416,10.084568007965311,10.672458160420545,259484000
2024-07-26,10.120745658874512,10.274501476450812,9.994123829726869,10.138834984493615,79599900
2024-07-29,9.957944869995117,10.111700669489954,9.768011286063048,10.111700669489954,91667500
2024-07-30,9.804190635681152,10.048390503980919,9.749923519088673,9.976034923555318,69337000
2024-07-31,9.786100387573242,9.957945521808302,9.695656351833215,9.822278174378548,75478000
2024-08-01,9.668521881103516,9.876544791736501,9.596166311112851,9.822277682970286,60516500
2024-08-02,9.071587562561035,9.541899607502394,9.04445444075177,9.541899607502394,110703000
2024-08-05,8.782166481018066,8.954010759050444,8.583188214970177,8.646499991126532,115594200
2024-08-06,8.845476150512695,8.91783171661758,8.755032124154782,8.854520811912401,111817600
2024-08-07,8.974072456359863,9.166963644847916,8.95570136641903,9.047555064159631,69482400
2024-08-08,9.304744720458984,9.414968638425167,9.001628727056525,9.001628727056525,73007600
2024-08-09,9.277188301086426,9.34148536300479,9.157778846108199,9.258817211405882,48860800
2024-08-12,9.056739807128906,9.277188508310742,9.038369593019798,9.277188508310742,56118700
2024-08-13,9.313929557800293,9.323114226612777,8.97407228424894,9.111851952235625,44766100
2024-08-14,9.35067081451416,9.405782331042174,9.231261360727784,9.33229972501698,37026400
2024-08-15,9.607860565185547,9.644601870605724,9.525192408994693,9.525192408994693,41597900
2024-08-16,9.653787612915039,9.662973158452944,9.525192603329883,9.55274836396176,34142600
2024-08-19,9.8466796875,9.874235448126836,9.681343371775316,9.699714462847764,41066300
2024-08-20,9.809938430786133,9.910976804248392,9.745640487690295,9.828308645969344,32468000
2024-08-21,9.966089248657227,10.07631316822067,9.874235544363433,9.956903703031477,48943900
2024-08-22,10.03038501739502,10.11305316535965,9.956902413866844,9.966087958303298,50885400
2024-08-23,10.351872444152832,10.36105711294412,10.048755598514479,10.085496901624921,64612700
2024-08-26,10.204907417297363,10.44372635034932,10.168166110364897,10.397799497688274,53070300
2024-08-27,10.232462882995605,10.305945488447708,10.094682340786596,10.214091793641701,44841000
2024-08-28,10.140608787536621,10.278388448320236,10.085496397634143,10.195721177439099,35442200
2024-08-29,10.204907417297363,10.287575576890875,10.094683496499966,10.122240133685706,44989200
2024-08-30,10.278388977050781,10.315130280215202,10.158980398752735,10.24164767388636,44977100
2024-09-03,10.085497856140137,10.232463958472888,10.048756549552412,10.177351560600375,49613500
2024-09-04,10.057941436767578,10.250833502721227,9.966088614302187,10.094682740950093,47900700
2024-09-05,9.892606735229492,10.2324640429678,9.84667988262013,10.177351644640195,50551900
2024-09-06,9.718084335327148,9.98445901461374,9.672157485247018,9.901790859665866,47508900
2024-09-09,9.791565895080566,9.883419585391053,9.68134199229701,9.745639049925323,39223300
2024-09-10,9.479264259338379,9.635415004973206,9.341484601887272,9.635415004973206,63019200
2024-09-11,9.598674774169922,9.60786031928533,9.304744338331254,9.470080646481403,55840200
2024-09-12,9.754825592041016,9.782381351560346,9.470080699717073,9.552747978275063,43779600
2024-09-13,9.819121360778809,9.910975048367094,9.764009849011186,9.809936692805328,35184800
2024-09-16,9.920161247253418,10.030385154047353,9.83749309816253,9.86504885586558,34802400
2024-09-17,10.012014389038086,10.232463085744177,9.93853178212998,10.002829720160902,52068600
2024-09-18,10.085497856140137,10.342687878236065,10.030386334249473,10.039571879891865,55017300
2024-09-19,10.03038501739502,10.388613366581174,9.984458171194477,10.305945218616543,52436400
2024-09-20,9.993645668029785,9.993645668029785,9.819123793568773,9.975274575567825,68809100
2024-09-23,10.021200180053711,10.030385725138297,9.837493658270953,9.956903116425194,40421300
2024-09-24,9.984457969665527,10.103867416984054,9.929346456122646,10.076311660212614,37746300
2024-09-25,9.571118354797363,9.727269107064213,9.479264661940956,9.727269107064213,74109600
2024-09-26,9.809938430786133,9.87423549790013,9.699714511741348,9.699714511741348,51408500
2024-09-27,9.901789665222168,10.094681711504885,9.88341945299518,9.95690205386653,45469600
2024-09-30,9.699713706970215,9.74563967910875,9.580304252250132,9.626230224388667,59662900
2024-10-01,9.874235153198242,9.93853221806768,9.718084387673771,9.846679393394457,63963000
2024-10-02,9.626230239868164,9.855863604857177,9.580304267655777,9.855863604857177,51457400
2024-10-03,9.598674774169922,9.617045864400737,9.48845086073042,9.56193346969009,44458300
2024-10-04,9.70889949798584,9.745640805532375,9.589490029464136,9.727270589750042,45883000
2024-10-07,9.635416030883789,9.745639943776874,9.598674726586095,9.690528425321228,38009100
2024-10-08,9.635416030883789,9.71808418454905,9.534377663060576,9.644601575953661,46355700
2024-10-09,9.754825592041016,9.809937987061476,9.589489282961436,9.635416132814852,40407000
2024-10-10,9.809938430786133,9.828308645969344,9.681343420576297,9.718084726924559,39458300
2024-10-11,9.8466796875,9.920162299826119,9.764011529637658,9.773197075173883,31915700
2024-10-14,10.03038501739502,10.067126319159106,9.791566117937583,9.837492964138125,41940200
2024-10-15,9.956903457641602,10.122239770902945,9.938532366842864,10.021200523473535,53097100
2024-10-16,10.131423950195312,10.269204496575,10.002829824752407,10.002829824752407,46996400
2024-10-17,10.16816520690918,10.223277600401993,10.048755750992898,10.140609448153661,37617200
2024-10-18,10.195721626281738,10.260018687347056,10.140609233953066,10.25083314262865,26074900
2024-10-21,9.993645668029785,10.25083483062391,9.975274575567825,10.177352212739875,41008600
2024-10-22,10.204907417297363,10.24164872422983,10.030386428363613,10.030386428363613,51597600
2024-10-23,10.158980369567871,10.324315795341906,10.122239066509001,10.204906341405136,37335400
2024-10-24,10.32431697845459,10.333502524267363,10.16816620356489,10.32431697845459,44736400
2024-10-25,10.16816520690918,10.406984118741741,10.122239234310575,10.361057270161359,39120700
2024-10-28,10.443726539611816,10.4620976314019,10.214093148126995,10.260020001620333,97967000
2024-10-29,9.561933517456055,9.690528521768758,9.350671234637115,9.672157431446172,156228000
2024-10-30,9.617046356201172,9.672157877748338,9.488451345954712,9.552748413087022,48853700
2024-10-31,9.45171070098877,9.626231699409534,9.405783845831126,9.580305720233792,72098700
2024-11-01,9.387413024902344,9.561934012085715,9.369041933629438,9.488451398957785,43472300
2024-11-04,9.516007423400879,9.708899507198689,9.396597954765868,9.396597954765868,55323800
2024-11-05,9.736454963684082,9.773196266808176,9.460894752262503,9.48845051061013,49309000
2024-11-06,10.278388977050781,10.315130280215202,9.956902793357537,10.057941158064255,100781800
2024-11-07,10.203908920288086,10.34356060279115,10.082877047773017,10.25045977708369,55407900
2024-11-08,10.21321964263916,10.21321964263916,10.110807576367701,10.17597913341784,45463400
2024-11-11,10.455282211303711,10.539073576639725,10.25977020936468,10.306320178654687,56630500
2024-11-12,10.334251403808594,10.520453947829228,10.194598829880292,10.37149191261272,44921400
2024-11-13,10.334251403808594,10.399422072244874,10.259770386200339,10.352871214268774,55150900
2024-11-14,10.306320190429688,10.4552822232489,10.259770221086496,10.362181396678768,56780900
2024-11-15,10.250460624694824,10.38080196903995,10.222529575577596,10.287701135633977,58895400
2024-11-18,10.436662673950195,10.492523881595513,10.269079938898015,10.287700637407712,47727300
2024-11-19,10.287700653076172,10.539073868153517,10.250460143883833,10.2970110023452,53227700
2024-11-20,9.989774703979492,10.287699635946586,9.878053187448215,10.25045913043616,68633300
2024-11-21,10.054946899414062,10.101497756258576,9.878053820981657,10.036326201522758,53409500
2024-11-22,10.408732414245605,10.594934958137953,10.05494713690826,10.064257486073819,82556700
2024-11-25,10.613554000854492,10.725276406992233,10.501832482600452,10.520453179584644,63469300
2024-11-26,10.334251403808594,10.455282391509183,10.278390196660519,10.3901117230729,47458800
2024-11-27,10.334251403808594,10.483213439025102,10.297010895004465,10.362181563440748,28474200
2024-11-29,10.362181663513184,10.492523889528288,10.352871314251296,10.390111823415072,28935200
2024-12-02,10.222529411315918,10.473903522028834,10.203909600087444,10.445973361244222,50034400
2024-12-03,10.073566436767578,10.250459510412144,10.073566436767578,10.231838813024833,43904300
2024-12-04,9.999086380004883,10.120118260955278,9.859434687768783,10.101498449669574,66780700
2024-12-05,9.719780921936035,9.952534305858565,9.673230955458488,9.905984339381018,68162000
2024-12-06,9.784952163696289,9.868743521319463,9.701160806073116,9.784952163696289,56227000
2024-12-09,9.868744850158691,10.054947398902787,9.803573292185417,9.831504340409872,53230100
2024-12-10,9.831503868103027,9.999085709980163,9.822193519142147,9.980465899942146,45084300
2024-12-11,9.691850662231445,9.878053189828442,9.570818797322476,9.878053189828442,60487100
2024-12-12,9.67323112487793,9.784952644571419,9.635990618313434,9.663920776265877,38432600
2024-12-13,9.67323112487793,9.719781092170766,9.608059572477275,9.682540585606269,40560700
2024-12-16,9.300825119018555,9.421856986643117,9.198413948513329,9.375306131728484,96264400
2024-12-17,9.282204627990723,9.3473752873541,9.19841327287573,9.272894280114913,76208600
2024-12-18,9.021522521972656,9.39392854129293,8.993592359085893,9.254275951091376,84199500
2024-12-19,9.068071365356445,9.263584237778794,9.030830860508555,9.114622218387227,81659000
2024-12-20,9.19841480255127,9.27289582217648,9.012212253488245,9.030832064452653,87705500
2024-12-23,9.217033386230469,9.235654082599245,9.077381714999333,9.189103229560976,50646600
2024-12-24,9.328756332397461,9.365996839421886,9.20772446259715,9.217033923440464,29083100
2024-12-26,9.375307083129883,9.421857942768474,9.29151571335718,9.310136412366136,35922700
2024-12-27,9.338066101074219,9.496338483116473,9.291515243788188,9.338066101074219,52899900
2024-12-30,9.19841480255127,9.291515633140886,9.142553593890467,9.26358547275238,47116700
2024-12-31,9.217033386230469,9.319445440491396,9.161173072891483,9.226343734414858,54104200
2025-01-02,8.98427963256836,9.272894199008533,8.974970172657619,9.226343347920293,67156200
2025-01-03,9.19841480255127,9.26358547275238,8.872559675778136,9.021521715028555,77245900
2025-01-06,9.235654830932617,9.487028037093305,9.21703413305507,9.36599705242422,63840800
2025-01-07,9.08669376373291,9.319447184599733,9.049453251909572,9.263585972922808,62404000
2025-01-08,9.068071365356445,9.077381713539337,8.91910934596488,9.068071365356445,61678800
2025-01-10,8.98427963256836,9.161172689126941,8.92841932156938,9.002900328157109,73373400
2025-01-13,9.040142059326172,9.049452408385122,8.909799836152127,8.993591201915173,66023000
2025-01-14,9.105313301086426,9.14255381178659,9.01221246827792,9.105313301086426,45419900
2025-01-15,9.263585090637207,9.3659971543103,9.207724772164386,9.282205788717317,68674400
2025-01-16,9.319445610046387,9.365996463931587,9.207724093452118,9.226343902275985,45770000
2025-01-17,9.477718353271484,9.505648511547584,9.34737613484348,9.384616641839521,60802700
2025-01-21,9.71047306060791,9.729092872688724,9.53357996247904,9.589441174489169,65670800
2025-01-22,9.338066101074219,9.542889340402503,9.328756639924014,9.542889340402503,64949200
2025-01-23,9.459097862243652,9.468408211166759,9.28220567212333,9.356686687740702,56241100
2025-01-24,9.421856880187988,9.598749949288182,9.393926722708267,9.459097386122181,42909100
2025-01-27,9.663920402526855,9.701160907651126,9.403236866656961,9.41254632702527,73082600
2025-01-28,9.38461685180664,9.524268534195366,9.23565482048967,9.524268534195366,92177600
2025-01-29,9.505648612976074,9.580129627762894,9.338065885763864,9.40323743961513,69986900
2025-01-30,9.459097862243652,9.673231448056404,9.365997036663808,9.552199575707238,69663100
2025-01-31,9.38461685180664,9.635990945566837,9.300825487219909,9.468408216393373,103652400
2025-02-03,9.207725524902344,9.365997919987135,8.937731595854844,9.049453129817552,131430300
2025-02-04,9.459097862243652,9.459097862243652,9.217034117545323,9.25427462535401,68716500
2025-02-05,9.319445610046387,9.608059305943993,9.272894756161186,9.4590972838183,124187800
2025-02-06,8.621185302734375,8.974970542548673,8.621185302734375,8.83531798352837,222758300
2025-02-07,8.60256576538086,8.704977833370211,8.54670544455375,8.686357134505315,140852700
2025-02-10,8.60256576538086,8.65842697409176,8.49084423584285,8.611876114813308,72168000
2025-02-11,8.57463550567627,8.62118636441568,8.537394996261497,8.57463550567627,54844600
2025-02-12,8.593254089355469,8.649115289442737,8.47222311695309,8.537393777151856,67339600
2025-02-13,8.704977989196777,8.760838311023834,8.602565919374161,8.649116779485913,72059800
2025-02-14,8.826008796691895,8.853939844901374,8.742218315714819,8.77945882544367,53778300
2025-02-18,8.931767463684082,8.9894542018908,8.874080725477365,8.960610374337643,62175800
2025-02-19,8.979839324951172,9.027911452540119,8.854852159979739,8.912538896466389,50191700
2025-02-20,9.027911186218262,9.037524877932793,8.922152325262534,8.970224451433362,39787800
2025-02-21,8.922152519226074,9.047139683227572,8.874080392010182,9.01829677365786,58437700
2025-02-24,8.98945426940918,9.037525481892969,8.854852490515599,8.950996749282385,72562600
2025-02-25,9.056755065917969,9.124055499631062,8.950997110526016,9.008682934594484,88876800
2025-02-26,9.104825973510742,9.24904143119833,9.07598214845361,9.095211365158365,87948100
2025-02-27,8.931767463684082,9.162512582711754,8.931767463684082,9.075982933851478,70518800
2025-02-28,9.181741714477539,9.316342574190982,8.950996597626276,8.960610289820385,137992600
2025-03-03,9.027911186218262,9.441329270728469,8.960609842819286,9.335571326672284,154435900
2025-03-04,8.768322944641113,8.912539334495834,8.710637122218918,8.874080897014883,167500000
2025-03-05,9.277884483337402,9.29711370034057,8.845237186660963,8.902923920770936,157774900
2025-03-06,9.23942756652832,9.345186433117975,9.056754577627375,9.152898835090774,136680700
2025-03-07,9.518244743347168,9.575931480783634,9.143284159158688,9.172127069427129,150644900
2025-03-10,9.575931549072266,9.748990845716213,9.393258560203337,9.393258560203337,167183800
2025-03-11,9.316343307495117,9.57593227206014,9.1240556949838,9.537474749557877,210127000
2025-03-12,9.220199584960938,9.335572147778743,9.09521241268341,9.32595753831902,129994600
2025-03-13,9.162511825561523,9.566316208941107,9.133668917291416,9.200969342221507,137747600
2025-03-14,9.354799270629883,9.412486003217209,9.268270547098158,9.28749884669426,91313800
2025-03-17,9.537473678588867,9.595159497414855,9.364414388311792,9.364414388311792,98583100
2025-03-18,9.566316604614258,9.65284624990306,9.49901617690055,9.566316604614258,102730900
2025-03-19,9.777832984924316,9.88359092625376,9.56631618536591,9.575930793732091,124697400
2025-03-20,9.624003410339355,9.758604266744381,9.6047741926246,9.68168922968449,109103700
2025-03-21,9.614388465881348,9.729761017443979,9.450943788609402,9.52785882298449,240638600
2025-03-24,9.854748725891113,9.854748725891113,9.624003609926149,9.652846520196873,102847200
2025-03-25,9.893206596374512,9.950893335863116,9.77783403429692,9.902821205772549,83674900
2025-03-26,9.90282154083252,9.950893672549599,9.70091932114051,9.873978628562133,139742100
2025-03-27,9.518244743347168,9.998964193352572,9.441329704698271,9.864363334166795,229032500
2025-03-28,9.345187187194824,9.508631887931436,9.249042921973405,9.460559755320727,136868300
2025-03-31,9.643232345581055,9.720147387701171,9.18174209286035,9.200970394940567,139951900
2025-04-01,9.55670166015625,9.777833070004988,9.43171541790641,9.710532644655146,135388700
2025-04-02,9.758604049682617,9.873977519605754,9.441329299642856,9.460558516929895,136908500
2025-04-03,9.172126770019531,9.806676276609002,9.162512161277373,9.604774077521483,220271000
2025-04-04,9.21058464050293,9.354800109555018,8.845237746418103,8.960610305039692,177466200
2025-04-07,8.883694648742676,9.268270734328217,8.652949547531067,8.912538474068773,274938500
2025-04-08,8.354903221130371,9.152898311903485,8.220302368655023,9.152898311903485,199286800
2025-04-09,9.13366985321045,9.17212737381114,8.114544181942716,8.17223092129356,199663000
2025-04-10,8.787551879882812,8.922152739125266,8.537577545718845,8.74909436054217,163535400
2025-04-11,8.97022533416748,8.98945455328792,8.691408075218531,8.758708508340804,146073700
2025-04-14,9.335572242736816,9.431716504512744,8.845238158098924,9.018297462535742,189955000
2025-04-15,9.085597038269043,9.258656326374973,9.018296611516536,9.249041717724745,125469000
2025-04-16,9.037525177001953,9.249041989013365,8.931767229446034,9.104826522628061,133804900
2025-04-17,9.258655548095703,9.316341361348933,9.037524152226402,9.04713876006843,129204600
2025-04-21,9.104825973510742,9.258656039550708,8.989453423980768,9.210583914688339,94138900
2025-04-22,9.277884483337402,9.345185825948962,9.162511932016987,9.181741149020157,121387100
2025-04-23,9.402872085571289,9.62400350701446,9.33557165669273,9.460558822395466,158691500
2025-04-24,9.672076225280762,9.700919137003671,9.441330180798595,9.489402311603197,87031000
2025-04-25,9.652846336364746,9.710533072707173,9.58554590804822,9.662460945238411,88682400
2025-04-28,9.633617401123047,9.787447465373397,9.585545276819936,9.672074917185634,77051500
2025-04-29,9.758604049682617,9.797061567357147,9.547088160922474,9.681689014333557,141980300
2025-04-30,9.624003410339355,9.739375965929192,9.479787028177386,9.720146748214436,136406200
2025-05-01,9.787447929382324,9.922048783532862,9.63361785783911,9.74899041149652,126532500
2025-05-02,9.883591651916504,9.989350517910385,9.825905831283103,9.902820870060696,82228700
2025-05-05,9.777832984924316,9.84513340968855,9.71053256016008,9.835518801322369,105766300
2025-05-06,10.037421226501465,10.210480513528926,9.672075269065,9.700918177936396,131814000
2025-05-07,9.883591651916504,10.104723076076773,9.72976157436132,10.05665094761588,116885100
2025-05-08,9.883591651916504,10.05665094761588,9.8643633506719,9.941278389449492,107173400
2025-05-09,10.02780818939209,10.085494010900417,9.950893149447918,9.960506841766238,76350700
2025-05-12,10.291183471679688,10.466767008892488,10.222900106389549,10.300938371046623,102035800
2025-05-13,10.339958190917969,10.369221962002646,10.164373703852885,10.339958190917969,83671000
2025-05-14,10.3887300491333,10.437503617448353,10.222900475029185,10.310692711940593,84453100
2025-05-15,10.486276626586914,10.515540393904091,10.291183294008416,10.330201960524116,71096500
2025-05-16,10.535051345825195,10.54480624609182,10.37897666267317,10.505787575303813,64913000
2025-05-19,10.486276626586914,10.525295293102614,10.369220627039816,10.42774816167417,60195700
2025-05-20,10.457013130187988,10.57406913276775,10.3984846637589,10.525295565789913,61063800
2025-05-21,10.222900390625,10.427748631634163,10.193636621988958,10.39848486299812,89090500
2025-05-22,10.183881759643555,10.2424102274084,10.08633555374006,10.22290042806064,94081100
2025-05-23,10.105844497680664,10.15461806613298,10.037562060014489,10.047316959760641,80519000
2025-05-27,10.057071685791016,10.232655226796675,9.959524550571318,10.193636558764481,89066800
2025-05-28,9.92050552368164,10.086335089389467,9.900995725232065,10.06682529093989,102335600
2025-05-29,9.969280242919922,10.02780778448319,9.861978199589762,9.959525342566543,101642200
2025-05-30,10.125353813171387,10.203391146853454,9.87173201356547,9.93026047896622,152191600
2025-06-02,9.735166549682617,10.027807026205727,9.637620344360535,10.01805305686842,170340800
2025-06-03,9.940014839172363,9.979033507549037,9.647375291486528,9.725412628239875,121584300
2025-06-04,9.988788604736328,10.11559951203775,9.93026106615318,9.940015035731403,123191200
2025-06-05,9.85222339630127,9.998543168113512,9.783940029880924,9.949769600749958,133191400
2025-06-06,10.008298873901367,10.096091116172545,9.900996831001706,9.910751731315948,105916700
2025-06-09,10.086335182189941,10.193636283814667,10.037561615895648,10.037561615895648,63638900
2025-06-10,10.339958190917969,10.388730832632929,10.10584523140502,10.125355032313813,87955500
2025-06-11,10.39848518371582,10.505787222488186,10.349711614299151,10.378976314116228,93094900
2025-06-12,10.271674156188965,10.330202624865711,10.174127948765657,10.320447725039845,76393300
2025-06-13,10.174128532409668,10.252165874936347,10.125354960760868,10.213147203673007,90106200
2025-06-16,10.359466552734375,10.40824012233229,10.24241054386646,10.24241054386646,75195200
2025-06-17,10.164373397827148,10.369221649809404,10.125354727462838,10.330202979445092,100969400
2025-06-18,10.174128532409668,10.271674745428765,10.144863831253286,10.174128532409668,82770200
2025-06-20,10.33020305633545,10.339957956568757,10.203392144137931,10.232655914559361,116743400
2025-06-23,10.486276626586914,10.486276626586914,10.281428394809895,10.291183294008416,77576500
2025-06-24,10.466767311096191,10.603333115341085,10.45701334172604,10.52529577870927,77244400
2025-06-25,10.222900390625,10.505786898460999,10.164372853352914,10.49603199882284,91927300
2025-06-26,10.369221687316895,10.388730557430376,10.213147005295097,10.242410775604563,88416400
2025-06-27,10.535051345825195,10.652107358189214,10.417995333461176,10.437504203715934,182008200
2025-06-30,10.583824157714844,10.593578127003337,10.427748555479441,10.457013254180193,88472200
2025-07-01,11.071558952331543,11.100822723343128,10.525296621870384,10.544806422730447,140150700
2025-07-02,11.481254577636719,11.491008547032163,11.09106696318748,11.100821862861359,122331600
2025-07-03,11.520273208618164,11.666592982137134,11.461744741043518,11.461744741043518,60311500
2025-07-07,11.305670738220215,11.500764091239162,11.198368696350927,11.315425638440784,73842100
2025-07-08,11.393463134765625,11.559292719659053,11.354444463630612,11.364198433705491,74190200
2025-07-09,11.539782524108887,11.608064963689191,11.47150008452858,11.491008954289324,63886900
2025-07-10,11.617819786071777,11.676348255519825,11.491008877499729,11.56904621657815,67263000
2025-07-11,11.491008758544922,11.5690460968155,11.42272632012778,11.559292127240518,65340700
2025-07-14,11.588556289672852,11.608065159763123,11.383708037193339,11.47150027829577,62098100
2025-07-15,11.286160469055176,11.637329420183422,11.237387830534875,11.6080647207371,65101900
2025-07-16,10.964256286621094,11.169104532646864,10.876464048284555,11.07155832471173,107978100
2025-07-17,10.87646484375,11.07155913444567,10.83744617166657,10.91548351583343,70345300
2025-07-18,10.886219024658203,10.964256363666053,10.778917916092023,10.8959739246038,68812600
2025-07-21,11.032539367675781,11.169104241278086,10.934992232006909,10.983765799841345,65515600
2025-07-22,10.915482521057129,11.01302965751506,10.808181415176154,10.964256089286094,79403800
2025-07-23,11.100822448730469,11.178859789683214,11.003275307400296,11.003275307400296,76163200
2025-07-24,10.983765602111816,11.14959517159658,10.954500903770919,11.032539169068233,63557800
2025-07-25,11.188613891601562,11.208122760308614,10.964255854660758,11.061802989031268,52312300
2025-07-28,11.003274917602539,11.208123162916241,10.974011148351568,11.1983682630731,54173600
2025-07-29,10.808181762695312,11.013030011620774,10.788672892943515,11.013030011620774,58371500
2025-07-30,10.603333473205566,10.856955290957966,10.554559903594956,10.856955290957966,79866900
2025-07-31,10.798426628112793,10.876463965981769,10.417994838571149,10.505787076243358,101090900
2025-08-01,10.554559707641602,10.652106845051787,10.417994831601481,10.652106845051787,73541500
2025-08-04,10.681370735168457,10.74965410424052,10.593578496560419,10.62284319628207,56696800
2025-08-05,10.78867244720459,10.82769111537458,10.632596844246194,10.710634180586178,58864300
2025-08-06,10.934992790222168,10.983766360546422,10.808181879490496,10.837445649573658,59519800
2025-08-07,11.003274917602539,11.110576955320186,10.827691371818261,11.022784717288822,71775000
2025-08-08,11.0422945022583,11.09106807523957,10.934993385922333,11.03254053188487,48465300
2025-08-11,11.0126371383667,11.437720323454482,10.933551850779624,11.170807713540851,84333000
2025-08-12,11.121378898620605,11.190578287858646,11.002750970167835,11.071950359405875,63944100
2025-08-13,11.30920696258545,11.35863550506188,11.062065192974332,11.14115142659924,63823300
2025-08-14,11.30920696258545,11.319092859634942,11.09172288412281,11.170808174976685,52469200
2025-08-15,11.30920696258545,11.388293196210357,11.279550214208005,11.299322008306989,46141400
2025-08-18,11.328978538513184,11.348749389460393,11.240007352323206,11.269664100129527,37113800
2025-08-19,11.447606086730957,11.595890763536458,11.358634903539263,11.38829259311715,58020200
2025-08-20,11.358634948730469,11.46737792540673,11.338864098370868,11.388292638426352,46469900
2025-08-21,11.200464248657227,11.299321327655104,11.071950423068376,11.28943543120112,51779300
2025-08-22,11.6057767868042,11.635434476705964,11.259778889555871,11.259778889555871,58538700
2025-08-25,11.68486213684082,11.714519826901238,11.546463354309534,11.586005998285758,45038800
2025-08-26,11.704633712768555,11.734290459507017,11.63543432278848,11.674976966030092,48613300
2025-08-27,11.773833274841309,11.843032665832837,11.674977136677837,11.684862090554489,40381500
2025-08-28,11.576120376586914,11.852918890995769,11.497035086755814,11.852918890995769,47723700
2025-08-29,11.635435104370117,11.69474860183128,11.586006561305117,11.605777412868491,44069700
2025-09-02,11.586006164550781,11.75406263955418,11.506920875463418,11.625548809094463,57704200
2025-09-03,11.487149238586426,11.595891276872944,11.437720696539454,11.536577780633397,47728700
2025-09-04,11.546463966369629,11.566234818020265,11.437720982592467,11.516806274737103,33136700
2025-09-05,11.6057767868042,11.773833258496898,11.52669149927481,11.576120039673427,47547800
2025-09-08,11.55634880065918,11.615663240536495,11.447606760783646,11.615663240536495,39734500
2025-09-09,11.358634948730469,11.546463212387108,11.31909230524028,11.536577315821814,41262700
2025-09-10,11.289435386657715,11.388292465265543,11.18069335440588,11.358634776020612,47021300
2025-09-11,11.625548362731934,11.655205109308273,11.299321322079285,11.328978068655625,64196100
2025-09-12,11.546463966369629,11.674977801797427,11.526692171947944,11.615663361303424,50100800
2025-09-15,11.546463966369629,11.625549258514265,11.477263628664785,11.605777464092583,47942400
2025-09-16,11.477263450622559,11.645319929515681,11.378407308360803,11.556348741540377,58065000
2025-09-17,11.526691436767578,11.74417644767951,11.417949402697106,11.49703468979763,68585900
2025-09-18,11.6057767868042,11.645319430568893,11.487148855510116,11.556348246405582,55040100
2025-09-19,11.487149238586426,11.665091612847114,11.457492490466654,11.63543486472734,71676300
2025-09-22,11.526691436767578,11.56623408031784,11.437720253086743,11.46737794282768,58432700
2025-09-23,11.595890998840332,11.79360516228766,11.566234251431633,11.566234251431633,55667600
2025-09-24,11.497035026550293,11.694748250092697,11.457492381841812,11.595891166935987,60193800
2025-09-25,11.487149238586426,11.5168059867062,11.240007471122594,11.408063948419683,67656300
2025-09-26,11.872690200805664,12.179145450714662,11.516805468303623,11.516805468303623,117681800
2025-09-29,11.951775550842285,11.98143229778452,11.754062333275739,11.96166144741336,83325000
2025-09-30,11.823262214660645,12.060518085591916,11.773833672523875,11.971546898299932,70765000
2025-10-01,12.129717826843262,12.13960278056903,11.902346921272928,11.981432207704962,73578400
2025-10-02,12.080289840698242,12.28788896278811,11.981432756742677,12.139603336854762,74530500
2025-10-03,12.525144577026367,12.525144577026367,12.060517800362705,12.109946341330499,100778600
2025-10-06,12.554800987243652,12.65365806652368,12.337315978490178,12.48560159741022,90544900
2025-10-07,11.783719062805176,12.386744611184797,11.605776695872736,12.357087864286385,154390200
2025-10-08,11.6057767868042,11.87269033929413,11.546463292542654,11.843032649392365,78469700
2025-10-09,11.368520736694336,11.635434284781576,11.348748943752625,11.615662491839865,70320500
2025-10-10,11.279549598693848,11.457491964790439,11.220236105175639,11.417949321521306,84595400
2025-10-13,11.408063888549805,11.497035075213224,11.328978598798102,11.358635346762235,73939400
2025-10-14,11.516805648803711,11.62554862667074,11.210350394091714,11.249893038014907,89117900
2025-10-15,11.625548362731934,11.645319212859167,11.506920433655605,11.546463076681048,88960700
2025-10-16,11.6057767868042,11.655205327202815,11.50692064877796,11.6057767868042,108701200
2025-10-17,11.783719062805176,11.872690246271397,11.58600584553079,11.605776695872736,107633500
2025-10-20,11.85291862487793,11.941889809633123,11.773833336822426,11.793605130221803,77878900
2025-10-21,12.416402816772461,12.485602210001078,11.932004235859072,12.119832507152495,297153200
2025-10-22,12.287888526916504,12.45594499801711,12.139602906243091,12.386744664594454,415062200
2025-10-23,12.198917388916016,12.347202067375763,12.050631767685276,12.32743121687426,479840300
2025-10-24,13.681768417358398,13.81028224975732,12.56468751367949,12.584458364864155,298366900
2025-10-27,13.108399391174316,13.642225563799148,13.058970849811256,13.642225563799148,140859000
2025-10-28,12.97988510131836,13.128169777388024,12.89091391856817,13.088627134251382,96738500
2025-10-29,13.088627815246582,13.236913441802457,12.920571337479206,12.950229028452997,127512200
2025-10-30,12.910686492919922,13.138056469024063,12.910686492919922,12.989771783979712,80766300
2025-10-31,12.97988510131836,13.019427744455003,12.841485378954621,12.89091391856817,68862000
2025-11-03,12.861257553100586,12.950228738487775,12.752514574173576,12.950228738487775,80419400
2025-11-04,12.64377212524414,12.782171847191629,12.604229482226426,12.762400054297283,70360600
2025-11-05,12.960113525390625,13.157827687155677,12.732743559240209,12.77228620303902,79134300
2025-11-06,12.969999313354492,13.108399036876147,12.83159958983284,12.989771106473723,82291000
2025-11-07,13.210000038146973,13.239999771118164,12.949999809265137,12.960000038146973,80011300
2025-11-10,13.15999984741211,13.239999771118164,13.0,13.229999542236328,62051200
2025-11-11,13.300000190734863,13.4399995803833,13.1899995803833,13.1899995803833,79742400
2025-11-12,13.449999809265137,13.5,13.300000190734863,13.300000190734863,61840500
2025-11-13,13.279999732971191,13.5,13.25,13.399999618530273,71481600
2025-11-14,13.1899995803833,13.3100004196167,13.100000381469727,13.180000305175781,67932400
2025-11-17,12.880000114440918,13.180000305175781,12.779999732971191,13.180000305175781,73404400
2025-11-18,13.020000457763672,13.09000015258789,12.760000228881836,12.869999885559082,70215400
2025-11-19,12.899999618530273,13.149999618530273,12.859999656677246,13.029999732971191,49619300
2025-11-20,12.40999984741211,13.010000228881836,12.380000114440918,12.90999984741211,95861900
2025-11-21,12.829999923706055,12.9399995803833,12.489999771118164,12.510000228881836,74048900
2025-11-24,12.960000038146973,12.979999542236328,12.829999923706055,12.84000015258789,52936200
2025-11-25,13.170000076293945,13.260000228881836,12.979999542236328,12.989999771118164,52885000
2025-11-26,13.1899995803833,13.260000228881836,13.119999885559082,13.170000076293945,44942200
2025-11-28,13.279999732971191,13.34000015258789,13.180000305175781,13.210000038146973,29536200
2025-12-01,13.15999984741211,13.390000343322754,13.130000114440918,13.199999809265137,51594000
2025-12-02,12.960000038146973,13.1899995803833,12.869999885559082,13.1899995803833,57641700
2025-12-03,13.09000015258789,13.140000343322754,12.960000038146973,12.989999771118164,45364700
2025-12-04,13.140000343322754,13.239999771118164,13.0600004196167,13.1899995803833,47554800
2025-12-05,13.029999732971191,13.279999732971191,13.0,13.149999618530273,54099400
2025-12-08,13.140000343322754,13.15999984741211,12.949999809265137,13.069999694824219,45580800
2025-12-09,13.079999923706055,13.220000267028809,13.0600004196167,13.130000114440918,33350000
2025-12-10,13.40999984741211,13.420000076293945,13.069999694824219,13.079999923706055,72210700
2025-12-11,13.630000114440918,13.680000305175781,13.300000190734863,13.390000343322754,59012300
2025-12-12,13.760000228881836,13.84000015258789,13.670000076293945,13.670000076293945,48337300
2025-12-15,13.649999618530273,13.8100004196167,13.489999771118164,13.800000190734863,53577300
2025-12-16,13.670000076293945,13.989999771118164,13.569999694824219,13.720000267028809,69408900
2025-12-17,13.3100004196167,13.65999984741211,13.289999961853027,13.630000114440918,58320600
2025-12-18,13.319999694824219,13.470000267028809,13.25,13.380000114440918,52604800
2025-12-19,13.470000267028809,13.479999542236328,13.279999732971191,13.3100004196167,61640600
2025-12-22,13.460000038146973,13.609999656677246,13.420000076293945,13.510000228881836,31106100
2025-12-23,13.289999961853027,13.449999809265137,13.279999732971191,13.430000305175781,25440800
2025-12-24,13.359999656677246,13.380000114440918,13.25,13.300000190734863,14227600
2025-12-26,13.3100004196167,13.380000114440918,13.260000228881836,13.34000015258789,22471400
2025-12-29,13.279999732971191,13.3100004196167,13.239999771118164,13.270000457763672,24398300
2025-12-30,13.229999542236328,13.289999961853027,13.199999809265137,13.279999732971191,23002800
2025-12-31,13.119999885559082,13.220000267028809,13.119999885559082,13.210000038146973,26302300
2026-01-02,13.34000015258789,13.390000343322754,13.0600004196167,13.180000305175781,46366900
2026-01-05,13.470000267028809,13.479999542236328,13.199999809265137,13.25,50135200
2026-01-06,13.800000190734863,13.859999656677246,13.319999694824219,13.510000228881836,84534700
2026-01-07,13.739999771118164,13.819999694824219,13.59000015258789,13.800000190734863,50609000
2026-01-08,14.399999618530273,14.5,13.890000343322754,13.890000343322754,154210300
2026-01-09,14.1850004196167,14.40999984741211,14.130000114440918,14.349900245666504,31506529
